{
  "features": [
    "cycles_per_ms",
    "IPC",
    "Cache_Miss_Ratio",
    "MemStall_per_Mem",
    "MemStall_per_Inst"
  ],
  "target": "inst_per_ms",
  "intercept": -1420746.501791189,
  "weights": {
    "cycles_per_ms": 1.2093166301505582,
    "IPC": 1195775.7973392797,
    "Cache_Miss_Ratio": -1023267.2356099501,
    "MemStall_per_Mem": -4098.775579013987,
    "MemStall_per_Inst": 6902.825005510665
  },
  "alpha": 1e-06,
  "n_rows_total": 592,
  "n_rows_train": 414,
  "n_rows_test": 178,
  "train": {
    "rmse": 2721.243073936291,
    "mae": 1950.2556315786667,
    "r2": 0.9993157069561657,
    "corr": 0.9996577949260791
  },
  "test": {
    "rmse": 3030.2419922671857,
    "mae": 2194.4445995314313,
    "r2": 0.9991284908319424,
    "corr": 0.9995648562399304
  },
  "split": {
    "warmup_windows": 5,
    "train_frac": 0.7,
    "method": "time_by_window_idx"
  }
}